player,status,query_used
Travis Bazzana,success,Travis Bazzana Bowman 1st Auto PSA 10
Charlie Condon,success,Charlie Condon Bowman 1st Auto PSA 10
Jac Caglianone,success,Jac Caglianone Bowman 1st Auto PSA 10
JJ Wetherholt,success,JJ Wetherholt Bowman Chrome Draft Auto PSA 10
Hagen Smith,success,Hagen Smith Bowman 1st Auto PSA 10
Chase Burns,success,Chase Burns Bowman 1st Auto PSA 10
Nick Kurtz,success,Nick Kurtz Bowman 1st Auto PSA 10
Braden Montgomery,success,Braden Montgomery Bowman 1st Auto PSA 10
Konnor Griffin,success,Konnor Griffin Bowman 1st Auto PSA 10
1Bryce Rainer,success,1Bryce Rainer Bowman 1st Auto PSA 10
Trey Yesavage,success,Trey Yesavage Bowman 1st Auto PSA 10
James Tibbs III,success,James Tibbs III Bowman 1st Auto PSA 10
hristian Moore,success,hristian Moore Bowman 1st Auto PSA 10
Cam Smith,success,Cam Smith Bowman 1st Auto PSA 10
Cam Caminiti,success,Cam Caminiti Bowman 1st Auto PSA 10
William Schmidt,success,William Schmidt Bowman 1st Auto PSA 10
Seaver King,success,Seaver King Bowman 1st Auto PSA 10
Carson Benge,success,Carson Benge Bowman 1st Auto PSA 10
Ryan Sloan,success,Ryan Sloan Bowman 1st Auto PSA 10
Tommy White,success,Tommy White Bowman 1st Auto PSA 10
Brody Brecht,success,Brody Brecht Bowman 1st Auto PSA 10
Vance Honeycutt,success,Vance Honeycutt Bowman 1st Auto PSA 10
Ryan Waldschmidt,success,Ryan Waldschmidt Bowman 1st Auto PSA 10
Walker Janek,success,Walker Janek Bowman 1st Auto PSA 10
Jurrangelo Cijntje,success,Jurrangelo Cijntje Bowman 1st Auto PSA 10
Malcolm Moore,success,Malcolm Moore Bowman 1st Auto PSA 10
Slade Caldwell,success,Slade Caldwell Bowman 1st Auto PSA 10
Theo Gillen,success,Theo Gillen Bowman 1st Auto PSA 10
Kellon Lindsey,success,Kellon Lindsey Bowman 1st Auto PSA 10
Kash Mayfield,success,Kash Mayfield Bowman 1st Auto PSA 10
Kaelen Culpepper,success,Kaelen Culpepper Bowman Chrome Draft Auto PSA 10
Billy Amick,success,Billy Amick Bowman 1st Auto PSA 10
Caleb Lomavita,success,Caleb Lomavita Bowman 1st Auto PSA 10
Dakota Jordan,success,Dakota Jordan Bowman 1st Auto PSA 10
Wyatt Sanford,success,Wyatt Sanford Bowman 1st Auto PSA 10
Braylon Doughty,success,Braylon Doughty Bowman 1st Auto PSA 10
Jonathan Santucci,success,Jonathan Santucci Bowman 1st Auto PSA 10
Griff O'Ferrall,success,Griff O'Ferrall Bowman 1st Auto PSA 10
Tyson Lewis,success,Tyson Lewis Bowman 1st Auto PSA 10
Carter Johnson,success,Carter Johnson Bowman 1st Auto PSA 10
David Shields,success,David Shields Bowman 1st Auto PSA 10
Jacob Cozart,success,Jacob Cozart Bowman 1st Auto PSA 10
PJ Morlando,success,PJ Morlando Bowman 1st Auto PSA 10
Ben Hess,success,Ben Hess Bowman 1st Auto PSA 10
Luke Holman,success,Luke Holman Bowman 1st Auto PSA 10
Joey Oakie,success,Joey Oakie Bowman 1st Auto PSA 10
Ryan Johnson,success,Ryan Johnson Bowman 1st Auto PSA 10
Dante Nori,success,Dante Nori Bowman 1st Auto PSA 10
Luke Dickerson,success,Luke Dickerson Bowman 1st Auto PSA 10
Mike Sirota,success,Mike Sirota Bowman 1st Auto PSA 10
